,Title,Abstract,Owner,field,Key word,country,State,City,Target group
0,,,,,,,,,
1,بررسی ابعاد مختلف تخلفات اداری و فساد دستگاهی در استان چهارمحال و بختیاری با رویکرد سالم سازی محیط اداری,برخی از عوامل فساد اداری ناشی از عوامل فرهنگی و اجتماعی است که با توجه به پراکندگی و تنوع فرهنگی در کشور ضرورت دارد که با شناخت و مطالعه ای عواملی (خرده،فرهنگ، موقعیت جغرافیایی و محیطی،قومی قبیله ای ، اقتصادی و اجتماعی) شناخت دقیق تری نسبت به وجود احتمالی فساد اداری در استان و ریشه‌ای نارضایتی اجتماعی و همچنین راه های مبارزه منطقی و کارآمد با این ناهنجاری اجتماعی است یا جهت کلیه مطالعات و پژوهشها به صورت کلان به مقوله فساد اداری و عوامل آن و همچنین به راه کارهای مقابله با آن پرداخته اند. در اینجا قصد بر این است که به صورت خرد و با توجه به عوامل محیطی،فرهنگی، قومی  و قبیله ای در استان به مطالعه این ناهنجاری پرداخته شود که تاکنون به صورت استانی مورد مطالعه قرار نگرفته است.,اداره کل بازرسی,علوم انسانی,['تخلفات اداری، فساد دستگاهی، سالم سازی محیط اداری'],ایران,چهارمحال وبختیاری,شهرکرد,
2,روش های نوین مبارزه با آفات خطرناک مانند پروانه فری (کرم خراط)، ملخ صحرایی، سرشاخه خوار زیتون و ...,این حشرات به گونه‌های بسیاری از درختان مثمر و غیرمثمر حمله می‌کند. از درختان مثمر سیب میزبان اصلی آن در است ولی خسارت آن روی گلابی، به و گردو نیز دیده شده است. از گیاهان غیرمثمر می‌توان به افرا، بیدمشک، بید، نارون، بوط و زبان گنجشک اشاره نمود. در دنیا 150 میزبان برای آفت ذکر شده است. درخت سیب به این آفت خیلی حساس و زود از پا درمی‌آید در حالی که گردو تا حدودی مقاوم هستند.,پارک علم و فناوری استان مرکزی,کشاورزی و منابع طبیعی,['آفات، بیلوژیکی'],ایران,مرکزی,اراک,
3,تامین مواد اولیه برای تولید فیلتر,یکی از مواد اولیه جهت تولید فیلتر هوای ماشین می‌باشد که از واکنش شیمیایی دو مایع پلی ال و ایزو ایجاد می‌شود. پلی یورتان یک رزین یا چسب پلیمری است که براساس شرایط تولید بی‌رنگ یا شیری رنگ یا نارنجی رنگ می‌ شوند.,کیان پالایش رادمان,فنی و مهندسی,['مواد اولیه، فیلتر'],ایران,مرکزی,اراک,
4,رله با بوبین 24 ولت DC مارک Finder,این نوع رله به صورت فراوان در تابلوهای برق و در خروجی کارت های PLC,گروه ملی صنایع فولاد,,['رله'],,خوزستان,اهواز,گروه/های هدف:
5,تولید کنسرو غذایی فراسودمند و پروبیوتیک,غذاهای فراسودمند آن هایی هستند که مزایای سلامتی را فراتر از نیازهای تغذیه اولیه ارایه می کنند و از طریق مکانیسم هایی که در روش های تغذیه مرسوم به آن توجه نمی شود، سلامتی را ارتقا می دهند. هم چنین لازم به ذکر است که اثرات ارتقاء دهنده سلامت فوق به بهبود سلامت کلی بدن اشاره دارد و نه درمان بیماری ها.,پارک علم و فناوری استان مرکزی,فنی و مهندسی,['کنسرو، پروبیوتیک'],ایران,مرکزی,اراک,
6,بررسی الگوهای مناسب استفاده از فضای مجازی با رویکرد کاهش آسیب‌های روانی، فیزیولوژیکی و اجتماعی,-  بررسی وضعیت سواد رسانه ای مخاطبین,استانداری(طرح اداره کل فرهنگ و ارشاد اسلامی),علوم انسانی,['فضای مجازی، آسیب\u200cهای روانی، آسیب\u200cهای، آسیب\u200cهای فیزیولوژیکی و اجتماعی'],ایران,چهارمحال وبختیاری,شهرکرد,
7,پمپ ترمز و گیربکس های بالابر جرثقیل 60 و 100 تن,کیج کامل ترمزکفشکی باالبر جرثقیلهای 60 و 100 تن) شامل هیدرو,گروه ملی صنایع فولاد,,['پمپ ترمز بالابر، گیربکس بالابر'],,خوزستان,اهواز,گروه/های هدف:
8,شناسایی فرصت های شغلی، سرمایه گذاری و ظرفیت های مناطق حاشیه نشین شهرهای بزرگ گیلان,حاشیه نشینی و اسکان غیررسمی پدیدهای است که به دنبال تحولات ساختاری و بروز مسایل و مشکالت اقتصادی - اجتماعی، مانند جریان سریع شهرنشینی و مهاجرتهای لجام گسیخته در بیشتر کشورهای جهان، به ویژه کشورهای جهان,اداره کل تعاون، کار و رفاه اجتماعی استان گیلان,علوم انسانی,['حاشیه نشینی، اسکان غیررسمی، فرصت های شغلی، گیلان'],ایران,گیلان,رشت,
9,اسنپ پولی,مشخصات:,پارک علم و فناوری خوزستان,فنی و مهندسی,['اسنپ پولی'],ایران,خوزستان,اهواز,
10,مطالعه ظرفیت های جاذبه های گردشگری ورزشی استان تهران در چهارچوب کریدور مشخص و ارایه راهکارهای دسترسی و بهره مندی شهروندان از آن,در طی سال ها ی اخیر سیاست ساخت و توسعه اماکن و مجموعه های تفریحی ورزشی در سطح کشور مورد توجه بیشتری قرار گرفته است به نحوی که در حال حاضر شاهد وجود اماکن ورزشی تخصصی و چندمنظوره در هر شهر می باشیم؛ اما از آنجا که شاخص سرانه امکانات ورزشی در کشور بسیار محدود بوده و پاسخگوی نیازهای اقشار مختلف جامعه نمی باشد، بنابراین مدیران باید تلاش کنند تا با برنامه ریزی و راهبردهای اجرایی، میزان جذب سرمایه گذار و بخش خصوصی در این اماکن ورزشی تفریحی را افزایش داد.,اداره کل ورزش و جوانان استان تهران,علوم پایه,['ظرفیت -جاذیبه -گردشگری -بهره مندی - ورزشی'],ایران,تهران,تهران,
11,پیشگیری ، کنترل و مبارزه با آفات کارادرینا و آگروتیس در چغندرقند,این حشرات به بیش از 40 گیاه زراعی مختلف از جمله چغندر قند،پیاز، هویج، بادام زمینی ، ذرت و ... تعدادی از علف های هرز مانند ماهور، سلمه، خرفه حمله می کند. اما در بین محصولات زراعی گیاهانی نظیر چغند قند و یونجه و ذرت را ترجیح می دهد.,پارک علم و فناوری استان مرکزی,کشاورزی و منابع طبیعی,['آفات، کنترل'],ایران,مرکزی,اراک,
12,طراحی پیچ,طراحی پیچ های جدید برای باتری های سرب- اسیدی مجهز به کاتالیست های بازترکیب پالادیوم - کربن,پارک علم و فناوری استان مرکزی,فنی و مهندسی,['پیچ، طراحی'],ایران,مرکزی,اراک,
13,گردآوری کلیه مطالعات و پژوهش های انجام گرفته در تالاب انزلی و حوزه آبخیز آن در قالب پایگاه داده های اکولوژیک,بی شک رویکرد جهانی در بهره گیری از انواع سیستم های مدیریت پایگاه داده جهت ذخیره سازی ساماندهی و مدیریت داده ها نشان از اهمیت این امر است. در زمینه محیط زیست نیز یک سیستم مدیریت پایگاه داده,استانداری گیلان,فنی و مهندسی,['تالاب انزلی،حوزه آبخیز،محیط زیست، پایگاه داده'],ایران,گیلان,رشت,
14,کوپلینگ پنیون اشتوسبانک,کوپلینگ جهت انتقال نیرو و سرعت از الکتروموتوری با توان 2 مگاوات به چرخدنده های جناقی با مدول 26 میلیمتر و قطر 754 میلیمتر,گروه ملی صنایع فولاد,,['کوپلینگ پنیون اشتوسبانک'],,خوزستان,اهواز,گروه/های هدف:
15,کسب دانش فنی تولید کلر از اسید کلریدریک,یکی از محصولات جانبی و ناخواسته پتروشیمی کارون، اسید کلریدریک گازی بوده که قابلیت تبدیل به ماده اولیه کلر را دارد. کلر به عنوان ماده اولیه در پتروشیمی کارون کاربرد داشته و هدف از این مطالعه دستیابی به دانش فنی تولید کلر از اسید کلریدریک است.,شركت پتروشيمي كارون,"علوم پایه, شیمی, شیمی معدنی",['کلر- اسید کلریدریک'],ایران,خوزستان,بندرماهشهر,
16,بررسی میزان آلودگی لبنیات سنتی و نقش مراکز عرضه در انتشار تب مالت استان همدان,بروسلوز یکی از بیماری های مشترک بین انسان و دام است که در اثر تماس مستقیم و یا غیرمستقیم انسان با دام های آلوده ویا مصرف محصولات لبنی آلوده منتقل می شود. مبارزه و کنترل بیماری در دام ها (واکسیناسیون، تست و کشتار و رعایت مسایل قرنطینه ای) نقش بسیار مهمی در کنترل و پیشگیری از بیماری در انسان دارد. که این مهم نقش دامپزشکی را در کنترل بیماری برجسته ترمی کند. نتایج حاصل از مطالعات پیشین در استان، میزان آلودگی دام ها به بروسلوز را دراستان کم رنگ می داند. ولیکن دلیل افزایش سالیانه تعداد موارد مبتلایان انسانی در استان حلقه مفقوده ای است که پاسخ به آن بررسی کامل شرایط حال در جامعه را می طلبد. از طرفی افزایش قابل توجه مراکز عرضه لبنیات در سطح شهر به دلیل تقاضا و اقبال مردم به مصرف آن و همچنین نبود متولی واحد جهت نظارت به شرایط و مواد عرضه یکی از مشکلات عمده در حال حاضر می باشد. انجام این پژوهش می تواند اطلاعات دقیقی از مراکز عرضه لبنیات در استان، کیفیت محصولات عرضه شده و همچنین منبع تغذیه مواد اولیه آنها جهت کنترل و پایش بیشتری ارایه دهد.,اداره کل دامپزشکی استان همدان,"دامپزشکی, باکتری شناسی, بهداشت و کنترل کیفی مواد غذایی",['شیرخام، بروسلا، بروسلوز، همدان، لبنیات سنتی'],ایران,همدان,همدان,
17,پمپ لجن کش 6 اینچ KSB KRTUK 150-400-554,مشخصات فنی: قطر فلنج خروجی 6 اینچ - DN150,گروه ملی صنایع فولاد,,['پمپ لجن کش'],,خوزستان,اهواز,گروه/های هدف:
18,سنجش بهره وری عوامل تولید و سطح تکنولوژی صنایع استان مرکزی با تاکید بر شناسایی ظرفیت های رشد اقتصادی 8 درصد,امروزه بهره وری فراتر از یک معیار، به عنوان یک فرهنگ و نگرش به کار و زندگی مطرح شده و بهبود آن منشا اصلی توسعه اقتصادی است. ارتقای بهره وری بر پدیده های اصلی اجتماعی، اقتصادی و سیاسی جامعه مانند کاهش تورم، افزایش سطح رفاه عمومی، افزایش سطح اشتغال، افزایش توان رقابت سیاسی و اقتصادی و مانند اینها تاثیرات وسیعی دارد. از دیدگاه سیستمی با گسترش این تفکر در سطح منابع اقتصادی جامعه می توان نتیجه گرفت که افزایش بهره وری شرکتها موجب افزایش بهره وری ملی شده و آن نیز به بالارفتن قدرت خرید مردم و رونق اقتصادی در درازمدت منجر خواهد.,استانداری مرکزی,"علوم انسانی, فنی و مهندسی, علوم اقتصادی",['بهره وری و سطح تکنولوژی صنایع'],ایران,مرکزی,اراک,
19,بررسی ضریب جذب کنجاله,کنجاله بازمانده ی جامدی است که پس از روغنگیری ازدانه های روغنی  به‌جا می‌ماند.که در قدیم کنجاره، کنجار و کُنجیده هم نامیده می‌شد. بازمانده ی هر چیزی چون کنجد ،تخم کتان،بادام،انگور، انار،کرچک و ... که کوفته یا فشرده و آب یا روغن آن گرفته شده‌باشد کنجاله نامیده می‌شود. کنجاله ها را به خاطر داشتن پروتیین و انرژی بالا،می توان به عنوان یک منبع غذایی مفیدبرای استفاده در خوارک دام و طیور در نظر گرفت.,پارک علم و فناوری استان مرکزی,فنی و مهندسی,['ضریب، بررسی'],ایران,مرکزی,اراک,
20,عدم دسترسی به اطلاعات حاصل از ارزیابی، آسیب شناسی و ترازیابی الگوهای مختلف کسب و کارهای خانگی استان گیلان,موفقیت طرحهای اشتغالزایی نیازمند شناسایی نقاط قوت و فرصتها و تقویت آنها و شناسایی نقاط ضعف و تهدید و رفع آنها و ارایه راهبردهایی,اداره کل تعاون، کار و رفاه اجتماعی استان گیلان,علوم انسانی,['آسیب ها، ترازیابی، مشاغل خانگی، استان گیلان، کسب و کارهای خرد.'],ایران,گیلان,رشت,
21,پروبیوتیک و بهبوددهنده های بومی آبزیان,تولید پروبیوتیک های بومی استان خوزستان افزایش بهره وری در تولید را فراهم می گردد,پارک علم و فناوری خوزستان,فنی و مهندسی,['پروبیوتیک، آبزیان'],ایران,خوزستان,اهواز,
22,پیشگیری ، کنترل و مبارزه با بیماری قارچی سرکوسپورا در چغندرقند,این قارچ برای فعال شدن نیاز به رطوبت و باد دارد . در خاکهای مرطوب ( پس از بارش باران) وقتی که هوا به طرف گرمی می رود این پاتوژنها در خاک فعالیت خود را آغاز می کنند و به وسیله باد در محیط باغ پخش می شوندو روی برگها و میوه های می نشینند و پس از مدتی باعث آسیب به درخت و مییوه می شوند.,پارک علم و فناوری استان مرکزی,کشاورزی و منابع طبیعی,['آفات، کنترل'],ایران,مرکزی,اراک,
23,پیش بینی رواناب و سیلاب ناگهانی به کمک داده های رادار و شبکه ایستگاهها در حوضه قره سو در استان گلستان,در طی سالهای اخیر در پی گرم زمین رخداد بلایای مخرب طبیعی مانند بارشهای سیل آسا و طوفانها در حال افزایش است. استان گلستان با توجه به ویژگی های جغرافیایی و توپوگرافی از جمله استان های کشور می باشد که هر ساله شاهد رخداد سیلاب در مقیاسهای کوچک و متوسط در آن هستیم. تغییر رفتار و الگوهای بارش و افزایش شدت بارشهای کوتاه مدت و حدی در سالهای اخیر باعث افزایش رخداد سیل در استان گلستان شده است که با تلفات انسانی و خسارتهای زیاد مادی نیز  همراه بوده است. استفاده از رادار هواشناسی در پیش بینی های کوتاه مدت و خیلی کوتاه مدت و خصوصا در بارشهای رگباری و شدید و محاسبه حجم بارش بسیار مفید می باشد. همچنین قابلیت بکارگیری آن به عنوان ورودی مدلهای هیدرولوژی و محاسبه حجم رواناب در پایین دست و پیش بینی درصد احتمال رخداد سیلاب نیز وجود دارد.,اداره کل هواشناسی استان گلستان,علوم پایه,['رواناب، رادار هواشناسی، بارش، استان گلستان'],ایران,گلستان,گرگان,
24,کنترل آلودگی های ویروسی و نماتدی خاک های اراضی هشتگرد,نماتدها، کرم هایی گرد و میکروسکوپی با بدنی بدون حلقه هستند که به وسیله قطعات دهانی سوزنی شکل (استایلت) خود خساراتی را به اندام های مختلف گیاهان نظیر ریشه ها وارد میکنند و به اصطلاح باعث مرگ خاموش گیاهان میشوند.,پارک علم و فناوری استان مرکزی,کشاورزی و منابع طبیعی,['کنترل، آلودگی'],ایران,مرکزی,اراک,
25,استحکام بخشی بطری های پت,بطری پت pet یا همان پلی اتیلن ترفتالات یکی از مشتقات پلیمری (گرما-پلاستیک) می باشد. این بطری ها بیشتر برای بطری اب معدنی و یا نوشیدنی ها (نوشیدنی های گازدار و غیرگازدار) تولید و مورد استفاده قرار می گیرند. تفاوت این نوع از ماده و این نوع از بطری ها، با دیگر مواد پلاستیکی ، سازگار بودن آن با بدن انسان است.,پارک علم و فناوری استان مرکزی,فنی و مهندسی,['بطری، استحکام'],ایران,مرکزی,اراک,
26,طراحی و ارایه خدمات تولید ابری در کسب و کار های برتر و پیاده سازی آن در استان تهران,با شکل گیری زیست بوم دانش بنیان ،خلاق و نوآور کشور و حمایت از شرکتهای دانش بنیان، تعداد زیادی از شرکتهای فناور و خلاق در حوزه های مختلف کسب و کار شکل گرفته که دارای محصولات دانشی و خلاقانه بوده اما ظرفیت بهره برداری از توانمندی آنها در کسب و کارها فراهم نگردیده است و این موضوع زمینه خروج شرکتهای دانش بنیان و دستاوردهای آنان از کشور را باعث شده است لذا ضروری است تا بستری ایجاد گردد تا با استفاده از آن ظرفیتهای متقابل شرکتهای دانش بنیان و کسب و کارها شناسایی و مورد استفاده قرار گیرد.یکی از بسترهای نوین برای توسعه کسب  کارها ، بستر تولید ابری(cloud Manufacturing) است که بسیاری از کشورهای پیشرو در عرصه های صنعتی از آن بعنوان پیشران و ورود به صنعت نسل 4 استفاده می نمایند که در این بستر ظرفیتها و قابلیتهای کسب و کارها به اشتراک گذاشته شده و شرکتها و صاحبان ایده می توانند از این بستر برای توسعه کسب و کارهای خود و اجرایی نمودن ایده های خود استفاده نمایند.,سازمان صنعت،معدن و تجارت استان تهران,"فنی و مهندسی, مهندسی فناوری اطلاعات, سامانه های شبکه ای",['خدمات تولید ابری'],ایران,تهران,تهران,گروه/های هدف:
27,تحلیل و پیش بینی توان و خلا تولید محصولات زراعی منطقه‏ای با بکارگیری فناوری RS و GIS,یکی از مسایل عمده تولید گیاهان زراعی در کشور ما تفاوت زیاد بین عملکرد واقعی کشاورزان و عملکرد قابل دستیابی از مزرعه (خلاء عملکرد) است. به همین دلیل شناسایی عوامل محدودکننده عملکرد گیاهان زراعی (به ویژه گیاهان استراتژیک) و سهم هر یک از آنها در ایجاد این خلاء با استفاده از فناوریهای نوین RS و GIS می‏تواند در تقلیل و احیاناً رفع خلاء عملکرد یک منطقه بسیار پراهمیت باشند. بنابراین با تحلیل خلاء عملکرد و تعیین عوامل ایجادکننده آن اقدامات لازم اتخاذ شده و بدین ترتیب می توان به افزایش امنیت غذایی کمک کرد.,مرکز تحقیقات و آموزش کشاورزی و منابع طبیعی خوزستان,,['سنجش از دور ، پتانسیل تولید'],,خوزستان,اهواز,
28,ارایه نرم‌افزاری به منظور ارتقای تولید محصولات مختلف از طریق مصرف بهینه آب و کود در کشاورزی استان,به نظر می‌رسد شرایطی وجود که کمیت مصرف کودهای شیمیایی به آن وابسته بوده و لذا لازم است برای هر منطقه و شرایط اقلیمی مختلف تعیین گردد. بر اساس آخرین یافته‌ها، روش و مدیریت آبیاری نقش بسزایی در افزایش بازده آبیاری داشته و قسمت عمده مسایل و مشکلات بازدهی آبیاری در مناطق مورد مطالعه به مسایل مدیریتی (از جمله مدیریت مصرف کودهای شیمیایی) مربوط است که بهبود و اصلاح آن نیز به‌ سرمایه‌گذاری چندانی نیاز ندارد. پروژه پیشنهادی در راستای تعیین مناسبترین روش مدیریت تلفیقی آب و کود در خاک‌های استان خوزستان می‌باشد.,مرکز تحقیقات و آموزش کشاورزی و منابع طبیعی خوزستان,,['مدیریت تغذیه گیاه، مدیریت تلفیقی، کارایی مصرف آب'],,خوزستان,اهواز,
29,روش های بیولوژیک و زیستی مبارزه با مگس زیتون,مگس میوه زیتون به عنوان یک تهدید جدی در مناطق زیتون‌خیز دنیا به شمار رفته و یکی از آفات چند نسلی اختصاصی درختان زیتون می‌باشد.,پارک علم و فناوری استان مرکزی,کشاورزی و منابع طبیعی,['آفت، زیتون'],ایران,مرکزی,اراک,
30,بررسی عوامل خشکیدگی,مناطق خشکیده گی گون در استان پهنه یندی گردید است,اداره کل منابع طبیعی و آبخیزداری,کشاورزی و منابع طبیعی,['خشکیدگی، گون زار'],ایران,چهارمحال وبختیاری,شهرکرد,
31,نرم افزار مانیتورینگ مصارف ایستگاهها,درحال حاضر مصارف ایستگاه‌های شهرستانها بصورت دستی جمع آوری و تجمیع می شود. ایجاد یک سیستم هوشمند علاوه بر افزایش سرعت عمل دقت را نیز بالابرده و صرفه جویی در زمان و هزینه ها خواهد داشت,شرکت گاز استان خوزستان,فنی و مهندسی,['مانیتورینگ،'],ایران,خوزستان,اهواز,
32,کنترل بیماری های خطرناک باغی و زراعی مانند لکه چشمی و خوشه صمغی و....,کنترل بیماری های خطرناک باغی و زراعی مانند لکه چشمی و خوشه صمغی و....,پارک علم و فناوری استان مرکزی,کشاورزی و منابع طبیعی,['بیولوژیک، آفات'],ایران,مرکزی,اراک,
33,اصلاح نژاد دام های بومی بر پایه انتخاب ژنومی با تاکید بر گاومیش,انتخاب ژنومیک در واقع نوعی انتخاب به کمک نشانگر در دو مرحله است و بر اساس عدم تعادل پیوستگی بین نشانگرها و جایگاه صفت کمی می‌باشد. در مرحله اول ژنوتیپ حیوانات در جمعیت مرجع که دارای رکورد فنوتیپی هستند با تعداد زیادی نشانگر تعیین می‌شود و با استفاده از مدل‌های آماری، اثرات تمامی این نشانگرها به طور همزمان برآورد می‌گردد. در مرحله دوم، اثرات نشانگری برآوردشده برای پیش‌بینی ارزش اصلاحی ژنومی دام‌های فاقد رکورد فنوتیپی (جمعیت کاندیدا) به کار می‌رود.,مرکز تحقیقات و آموزش کشاورزی و منابع طبیعی خوزستان,,['ژنومیک، اصلاح نژاد'],,خوزستان,اهواز,
34,پیشگیری ، کنترل و مبارزه با بیماری زنگ زرد (نواری)غلات,زنگ زرد یک بیماری بسیار مهم در گندم به ویژه در مناطق سردسیر است. شرایط دمایی ایده آل برای جوانه‌زنی و نفوذ اسپور بین 13 تا 18 درجه سانتیگراد است. گسترش بیشتر بیماری در دمای 12 تا 15 درجه سانتیگراد اتفاق می‌افتد. این باعث می‌شود زنگ زرد بیشتر یک بیماری بهاره باشد.البته نکته حایز اهمیت حساسیت بیشتر گیاهان جوان است که با بالغ شدن مقاومت گیاه افزایش می‌یابد.,پارک علم و فناوری استان مرکزی,کشاورزی و منابع طبیعی,['آفات، کنترل'],ایران,مرکزی,اراک,
35,سازه های پرورش متراکم آبزیان,باتوجه به اینکه در شرایط کم آبی، تولید متراکم ماهیان باعث افزایش بهره وری تولیدوکاهش مصرف آب خواهد شدتولید سازه های تولید متراکم اهمیت بالایی دارد,پارک علم و فناوری خوزستان,فنی و مهندسی,['پرورش متراکم آبزیان'],ایران,خوزستان,اهواز,
36,تدوین برنامه جامع استراتژیک توسعه اقتصاد مناطق مرزی استان,با توجه به اینکه همسایگی استان آذربایجان غربی با سه کشور عراق،ترکیه و آذربایجان و وجود چندین مرز رسمی، تدوین برنامه جامع استراتژیک توسعه اقتصاد مرزی میتواند منجر به توسعه استان شود.,استانداری آذربایجان غربی,علوم انسانی,['تدوین برنامه جامع، استراتژیک، اقتصاد مرزی، توسعه'],ایران,آذربایجان غربی,ارومیه,
37,High-power ultrasonic baths and rinsing baths for aqueous fluids,این دستگاه جهت شستشوید فیلتر استفاده می شود,گروه ملی صنایع فولاد,,['High-power ultrasonic baths and rinsing baths for aqueous fluids'],,خوزستان,اهواز,گروه/های هدف:
38,بسته بندی محصولات پروتیینی,ارایه راهکار اقتصادی جهت بسته بندی محصولات پروتیینی با هدف افزایش ماندگاری,پارک علم و فناوری استان مرکزی,فنی و مهندسی,,ایران,مرکزی,اراک,
39,فرمولاسیون و ساخت پوششهای پایه آلی مقاوم در برابر سرویس ترش جهت جلوگیری از ترک خوردگی هیدروژنی (HIC) فولاد کربنی,ترک خوردگی هیدروژنی القا شده (HIC) یکی از انواع خوردگی است که در محیط گاز ترش بر روی تجهیزات فولاد کربنی ایجاد می گردد. به منظور جلوگیری یا کاهش اثرات مخرب این خوردگی در پالایشگاه گاز ایلام ابتدا در فاز مطالعاتی ضمن بررسی وضعیت روز دنیا در زمینه ساخت و عملکرد پوششهای پایه آلی پلیمری جلوگیری کننده از HIC در محیط گاز طبیعی ترش پوشش های مناسبی اتخاب شده و سپس در فاز آزمایشگاهی چند فرمولاسیون پوشش الی پلیمری طراحی شده و ضمن ساخت بر روی تست کوپنهای ورقههای فولاد کربنی پالایشگاه پوشش داده شده و پس از تست در آزمایشگاه و تایید عملکرد آنها، این تست کوپنها در شرایط عملیاتی پالایشگاه گاز ایلام تست خواهد شد و با استفاده از دستگاه های امپدانس الکتروشیمیایی مقاومت هر یک از پوشش‌ها اندازه گیری شده و تست های SEM و EDX بر روی آنها انجام خواهد شد.,شرکت پالایش گاز ایلام,فنی و مهندسی,['ساخت پوششهای پایه آلی ترک خوردگی هیدروژنی'],ایران,ایلام,چوار,
40,تدوین وارزیابی اثربخشی برنامه جامع حمایت های روانی اجتماعی بر کاهش مشکلات رفتاری کودکان کار در استان تهران,کودکان کار یکی از آسیب پذیرترین گروه های جامعه هستند که در معرض مشکلات و اختلالات روانی متعددی قرار دارند. براساس برخی پژوهش ها مشکلات رفتاری از جمله شایع ترین مشکلات موجود در کودکان کار است که نیازمند توجه و ارایه راهکارها و برنامه هایی برای کاهش آن است. پژوهش حاضر با هدف تدوین برنامه ای جامع در زمینه حمایت های روانی- اجتماعی برای کودکان کار و  بررسی اثربخشی آن بر کاهش مشکلات رفتاری کودکان کار انجام می شود.,اداره کل بهزیستی استان تهران,"علوم انسانی, روان شناسی",['برنامه جامع حمایت های روانی اجتماعی - مشکلات رفتاری - کودکان کار'],ایران,تهران,تهران,
41,وضعیت شناسی الگوهای غالب خشونت خانگی در استان و طراحی مدل های کاهش خشونت  مبتنی بر. الگوهای شایع  شناسایی شده,طراحی طرح، نگارش و تصویب آن,استانداری,علوم انسانی,['خشونت خانگی'],ایران,چهارمحال وبختیاری,شهرکرد,
42,تغییر سیت و اورفیس رگلاتورهای صنعتی,افزایش ظرفیت حجم گاز عبوری باتوجه به فشار ورودی ایستگاه های  T.B.S,شرکت گاز استان خوزستان,فنی و مهندسی,['ایستگاه های\u200c T.B.S'],ایران,خوزستان,اهواز,
43,طراحی و ساخت دستگاه اولتراسوند (پروب‌دار) (نیاز),هدف تمامی صنایع فرایند کننده مواد غذایی تولید فرآورده‌ای با کیفیت بالا و تا حد امکان با حداقل هزینه می باشد که این فرآورده در اثر قرار دادن مواد اولیه در معرض یک سری از فرآیند ها مانند حرارت دادن، خنک کردن، فشار و اختلاط و. . . تولید می شود. تنوع در مواد خام و شرایط فرآیند سبب بوجود آوردن فرآورده‌ای با کیفیت غیر قابل پیش بینی می‌شود. به همین دلیل بایستی کارخانجات مواد غذایی ویژگی های مواد اولیه را تعیین کرده و در هر مرحله از فرآیند، ماده غذایی و شرایط فرآیند را کنترل نمایند تا ویژگی های فراورده نهایی تا حد امکان مشابه ویژگی های مطلوب از قبل پیش بینی شده باشد. پیشرفت در زمینه میکروالکترونیک سبب شده که بتوان از اولتراسونیک برای اندازه گیری های دقیق و با هزینه نسبتاً پایین استفاده کرد.,مرکز تحقیقات و آموزش کشاورزی و منابع طبیعی خوزستان,,['هوشمندسازی، صنایع غذایی'],,خوزستان,اهواز,
44,استفاده از موتور آفلاین با قابلیت شبیه سازی و ارایه راهکار بالانس شبکه مبتنی بر هوش مصنوعی,استفاده از موتور آفلاین با قابلیت شبیه سازی و ارایه راهکار بالانس شبکه مبتنی بر هوش مصنوعی,شرکت گاز استان مرکزی,فنی و مهندسی,['هوش مصنوعی، شبیه سازی'],ایران,مرکزی,اراک,
45,تهیه و تولید مدیا برای تولید فیلتر صنعتی,با توجه به وارداتی بودن مدیاهای تولید فیلترهای صنعتی نیاز اساسی به تولید این فیلترها می باشد,کیان پالایش رادمان,فنی و مهندسی,['فیلتر، مدیا'],ایران,مرکزی,اراک,
46,پیشگیری ، کنترل و مبارزه با بیماری قارچی سفید سطحی در چغندرقند,بیماری گیاهی سفیدک سطحی چغندرقند در بسیاری از مناطق زیر کشت این محصول مشاهده می شود. عامل این بیماری به طور معمول دارای خسارت اقتصادی روی چغندرقند است، ولی توانایی آسیب به گیاهان دیگری از جمله زیره، چغندر وحشی، لبو و گیاهان دیگر خانواده چغندریان را دارا می باشد.,پارک علم و فناوری استان مرکزی,کشاورزی و منابع طبیعی,['آفات، کنترل'],ایران,مرکزی,اراک,
47,کنترل و مبارزه با بیماری گموز مرکبات,از علایم مهم بیماری گیاهی گموز مرکبات، ترشح صمغ در اطراف طوقه تا ارتفاع نیم متری از سطح خاک می باشد. پوست قسمت آلوده ممکن است بوی ماهی و یا ترشی بدهد. صمغ خارج شده ابتدا آبکی و بی رنگ است که پس از خشک شدن در هوای آزاد سخت شده و به رنگ خرمایی در می آید.,پارک علم و فناوری استان مرکزی,کشاورزی و منابع طبیعی,['آفات، کنترل'],ایران,مرکزی,اراک,
48,استفاده از ظرفیت ها و امکانات موجود برای استفاده از شرکت های دانش بنیان در راستای توسعه زیست بوم فناوری استان تهران,شرح خدمات مورد انتظار طرح استفاده از ظرفیت ها و امکانات موجود برای استفاده از شرکت های دانش بنیان در راستای توسعه زیست بوم فناوری استان تهران,استانداری تهران,فنی و مهندسی,['دانش بنیان-زیست بوم'],ایران,تهران,تهران,
49,Shaft encoder,HIGH RESOLUTION INCREMENTAL ENCODERحسگر,گروه ملی صنایع فولاد,,['Shaft encoder'],,خوزستان,اهواز,گروه/های هدف:
50,پذیرش (اقبال) سیاست های جوانی جمعیت در عمل,فرزندآوری پدیده مهمی در حرکات جمعیتی و محور توسعه پایدار برای کشورهای در حال توسعه می باشد. توجه به ضرورت موضوع فرزندآوری و خلاء مطالعات استانی در این خصوص، نیازمند  تحقیقاتی در خصوص میزان تمایل به فرزندآوری و عوامل مرتبط با آن را در میان مردم استان می طلبد.,استانداری گیلان,علوم انسانی,['سیاستهای جوانی جمعیت،  فرزندآوری، جمعیت،ناباروری'],ایران,گیلان,رشت,
51,طراحی و ساخت دستگاه شناسایی گرفتگی لوله‌های سقوط و میزان بذر مخزن در خطی‌کارها (نیاز),در فرآیند کاشت به وسیله خطی کارها، به دلیل مشکلاتی نظیر خرابی های مکانیسم توزیع بذر، گرفتگی لوله های بذر، خالی شدن محفظه بذر و غیره عدم کاشت بذرها می تواند به طور گسترده اتفاق بیافتد. دستگاه شناسایی گرفتگی لوله‌های سقوط خطی کار و میزان بذر مخزن با کمک حسگرها، با نشان دادن وضعیت کاری قسمت های مختلف خطی کار، بازده عملیات کاشت را تا حد مطلوبی بهبود می دهد.,مرکز تحقیقات و آموزش کشاورزی و منابع طبیعی خوزستان,,['ماشین آلات کشاورزی'],,خوزستان,اهواز,
52,ارزیابی اقدامات انجام شده در ترمیم روسازی جاده ها,مدیریت و نگهداری راه ها یکی از مهم ترین ارکان در حفظ و نگهداری راه ها بشمار می رود، با توجه به نقش چشمگیر راه ها در توسعه زیر ساخت حمل و نقل و به تبع آن رشد و توسعه شهرها، استفاده و بهره گیری از فناوری های جدید به منظور ساخت، توسعه و یا نگهداری شبکه راه ها می تواند علاوه بر افزایش کیفیت خدمت دهی، کاهش هزینه های چرخه عمر را در پی داشته باشد. اتخاذ راهکارهای عملیاتی به منظور افزایش مقاومت روسازی بدون تغییر و یا تغییر جزیی در ضخامت روسازی- اصلاح آسیب دیدگی های سطحی شامل قیر زدگی، پدیده جدا شدن سنگ دانه ها از رویه آسفالتی، شیار افتادگی، ناهمواری ها و تغییر شکل ها - افزایش تاب لغزشی - اصلاح خواص فیزیکی و شیمیایی قیر سخت شده موجود روسازی با جوان سازها و انطباق آن با مشخصات قیر خالص و افزایش دوام رویه آسفالتی و بهبود تاب خستگی - کاهش آلودگی زیست محیطی - کاهش تولید ضایعات و مواد زاید و عدم نیاز به محل تخلیه برای این مواد و طرفه جویی در هزینه و انرژی و همچنین افزایش سرعت اجرای عملیات ترمیم و روسازی راه های در سطح استان را می توان از جمله مهمترین چالش های مطالعاتی حوزه عمرانی محسوب می گردد.,استانداری گیلان,فنی و مهندسی,['آسفالت، قیر، بازیافت سرد و گرم، ترمیم و نگهداری جاده ها، چرخه عمر شبکه راهها'],ایران,گیلان,رشت,
53,رگولاتور اکسیژن,جهت کنترل گاز اکسیژن برای برش اتومات شمش در ریخته گری,گروه ملی صنایع فولاد,,['رگولاتور اکسیژن'],,خوزستان,اهواز,گروه/های هدف:
54,تولید روغن کم جذب,تولید روغن کم جذب,پارک علم و فناوری استان مرکزی,فنی و مهندسی,['روغن، جذب'],ایران,مرکزی,اراک,
55,Digitric,ین کنترل کننده جهت کنترل دما و فشار کوره ها از طریق کنترل فشار و فلوی هوا و گاز به کار می رود,گروه ملی صنایع فولاد,,['Digitric'],,خوزستان,اهواز,گروه/های هدف:
56,مفصل دورانی جهت پاتیل کش کایرو,محصول وارداتی است,پارک علم و فناوری خوزستان,فنی و مهندسی,['مفصل دورانی، پاتیل کش کایرو'],ایران,خوزستان,اهواز,
57,افزایش و بهبود ماندگاری نان,تعیین روش و یا ساخت تچهیزاتی برای بهبود ماندگاری نان,پارک علم و فناوری استان مرکزی,کشاورزی و منابع طبیعی,['نان، ماندگاری'],ایران,مرکزی,اراک,
58,شناسایی و اولویت بندی کانون های گردوخاک در سطح استان تهران و کانون های برون مرزی موثر بر شهرهای استان,در این طرح نخست با استفاده از داده های کد هوای حاضر ایستگاههای هواشناسی واقع در استان تهران شاخص توفانهای گردوخاک SDS تعیین شده و الگوی تغییرات زمانی و مکانی وقوع رخداد گردوخاک در سطح استان مشخص می گردد. به منظور تعیین شدت پدیده های گردوخاک در سطح استان نیز از داده های دید افقی ایستگاههای هواشناسی در زمان وقوع رخدادهای گردخاک و همچنین دادههای غلظت PM10 ایستگاههای پایش آلودگی هوای تهران استفاده می شود. پس ازتعیین مناطقی از استان تهران که بیشتر تحت تاثیر پدیده های گردوخاک بوده و با توجه به شبکه سنجش آلودگی هوای موجود، مکان یابی مناطق مورد نیاز جهت توسعه ایستگاه پایش گردوخاک در سطح استان انجام می شود. سپس میزان شارگردوخاک از استان تهران و مناطق اطراف آن محاسبه شده و مناطق کانون گردوخاک و شدت و زمان فعالیت آنها به صورت کمّی تعیین میگردد. مقادیر آستانه سرعت باد برای فعالسازی هر کانون به منظور پیش بینی فعالیت آن در آینده نیز تعیین می شود. در نهایت با استفاده از میزان و شدت فعالیت هر کانون و مناطق تحت تاثیر آن، نسبت به اولویت بندی کانونهای گردوخاک موثر بر استان تهران اقدام می شود.,اداره کل هواشناسی استان تهران,"علوم پایه, هواشناسی",['گردوخاک، کانون، برون مرزی، آلودگی هوا'],ایران,تهران,تهران,
59,"کفشک زیرین کشاب های بوم ریچ استاکر (پارت:2910.949003),",محصول وارداتی است.,پارک علم و فناوری خوزستان,فنی و مهندسی,['کفشک زیرین، بوم ریچ استاکر'],ایران,خوزستان,اهواز,
60,بررسی ظرفیت های مناطق حاشیه نشین شهرهای بزرگ استان گیلان راستای توانمندسازی آنان,حاشیه نشینی، پدیده ای فراگیر است که وجه کالبدی آن به سبب بروز بیرونی اش ملموس تر و به همین سبب برای بسیاری قابل درک تر است. در حقیقت حاشیه نشینی معلولی کالبدی- فضایی ناشی از ساختار ناهنجار اقتصادی– اجتماعی و فرهنگی است، اما به آن همواره به صورت پدیده ای کالبدی توجه بیشتری شده و راه حل هایی کالبدی برای آن ارایه می شود. شماری سادگی ورود به گفتمان حاشیه نشینی را دلیل ساده بودن آن می پندارند و تصیور می کنند موضوع از ماهیت پیچیده ای برخوردار نیست، در حالی که واقعیت خلاف آن را ثابت می کند. حاشیه نشینی مقوله ای چند وجهی است که بر بستری از تعاملات حاصل از مولفه های متعدد بروز می کند. بنابراین ضرورت دارد نسبت به بررسی مناطق حاشیه نشین و بررسی ظرفیت های آن جهت برنامه ریزی برای حل مشکلات این مناطق اقدام شود. از این رو در طرح حاظر ضمن بررسی همه جانبه مناطق حاشیه نشین شهرهای استان گیلان، نسبت به شناسیایی ظرفیت های این مناطق اقدام و راهبردها و راهکارهای عملیاتی لازم پیشنهاد می شود.,اداره کل تعاون، کار و رفاه اجتماعی استان گیلان,علوم انسانی,['شهر، توانمندسازی، حاشیه نشینی، استان گیلان'],ایران,گیلان,رشت,
61,ساخت سرامیک های متخلخل,ساخت سرامیک های متخلخل بر پایه سیلیسیم کارباید (sic)، شاموتی، آلومینا یا سایر ترکیبات سرامیکی با تخلخل های باز و سایر حفرات میکرونی و نانویی,پارک علم و فناوری استان مرکزی,فنی و مهندسی,['سرامیک، متخلخل'],ایران,مرکزی,اراک,
62,مبدل حرارتی,مشخصات:,پارک علم و فناوری خوزستان,فنی و مهندسی,['مبدل حرارتی'],ایران,خوزستان,اهواز,
63,تعیین تغییرات مکانی نفوذ جبهه آب شور دریاچه ارومیه در منابع آب زیرزمینی و فرهنگ سازی بهره برداران به منظور تغییر الگوی کشت متناسب با کیفیت آب کشاورزی,در حالت طبیعی در نواحی ساحلی جریان آب زیرزمینی بر اساس شیب هیدرولیکی به طرف دریا حرکت می کند اما در صورت حفر چاه های ساحلی و استخراج آب شیرین احتمال دارد که حرکت آب های شیرین به طرف دریا قطع و جریان عکس یا حرکت آب شور به طرف نوار ساحلی اتفاق بیفتد. این پدیده سبب شوری آب های زیرزمینی ساحلی می گردد که اصطلاحاً تداخل آب های شور دریا با آب های شیرین (Intrusion) نامیده می شود در واقع از مهمترین منابع آلودگی آب های زیرزمینی در سواحل، آب شور دریا است.,سازمان جهاد کشاورزی استان آذربایجان غربی,"کشاورزی و منابع طبیعی, علوم و مهندسی آب, منابع آب",['جبهه آب شور- دریاچه ارومیه-الگوی کشت'],ایران,آذربایجان غربی,ارومیه,
64,فناوری ساخت پمپ تزریق نیتروژن,برای چاههای نفتی که با افت فشار مواجه هستند لازم است نیتروژن به بخار تبدیل شود و بافشار 1000 پی اس آی به چاه تزریق شود,مشاور توسعه فناوری شرکت شهرک های صنعتی خوزستان,,['پمپ نیتروژن'],,خوزستان,اهواز,گروه/های هدف:
65,چک ولو ایمنی,برای جلوگیری از برگشت شعله برای لنس 21.5 میلیمتر سکوی پاتیل,پارک علم و فناوری خوزستان,فنی و مهندسی,['چک ولو ایمنی'],ایران,خوزستان,اهواز,
66,بهینه سازی فرمولاسیون و تولید مکمل غذایی – دارویی ضد گاستروانتریت بر پایه گیاهان دارویی مزیت دار استان خراسان جنوبی,گیاهان دارویی، ظرفیت اقتصادی عظیم و با ارزش افزوده بسیار بالا در ایران محسوب می شوند و نقش موثر آنها در اقتصاد و ایجاد منابع درآمدزای پویا و عظیم به ویژه در مناطق کمتر توسعه یافته، غیرقابل انکار است. منطقه خراسان جنوبی غنی از گیاهان دارویی است که فرآوری علمی در صنعت داروسازی و تهیه داروهای گیاهی می تواند ارزش افزوده مناسبی را به ارمغان آورد. از طرف دیگر تاکید سازمان بهداشت جهانی در جایگزینی تدریجی مواد طبیعی به جای مواد شیمیایی موجب شده تا کشورهای مختلف جهان نسبت به سرمایه‌گذاری، برنامه‌ریزی، کشت و تولید انبوه گیاهان دارویی در سطوح صنعتی و استفاده از آن در صنایع دارویی، بهداشتی و غذایی اقدام کنند. چنین توجه و اقبالی به سوی گیاهان دارویی، کشت و تجارت آن را در جایگاه اقتصادی مناسبی قرار داده است.,سازمان جهادکشاورزی خراسان جنوبی,کشاورزی و منابع طبیعی,['گیاهان دارویی، مکمل غذایی، اختلالات گوارشی، التهاب معده و روده'],ایران,خراسان جنوبی,بیرجند,
67,امکان سنجی و سازماندهی مجدد فعالیتهای مرغداریها و گاوداریها در قالب الگوی کشاورزی قراردادی مبتنی بر IT Base,تعیین وضعیت  و بازنگری نحوه فعالیت گاوداری ها و  مرغداری های استان با توجه به جمعیت استان و نیاز به منبع پروتیین حیوانی به عنوان ماده مغذی حایز اهمیت ما را در تعیین برآورد دقیق تر تولیدات استان در راستای حفظ امنیت غذایی یاری خواهد نمود.  روند رو به رشد جمعیت و ضرورت تامین نیازهای غذایی ایجاب می کند بازار تولید ات در راستای بازار مصرف حرکت و با قیمت مناسب در اختیار مصرف کننده قرار گیرد و مبرهن است در شرایط کنونی بهبود بهره وری در واحدهای پرورش و هرگونه برنامه ریزی و تصمیم سازی در گرو داشتن اطلاعات به روز و دقیق عملیاتی خواهد شد و کشاورزی قراردادی می تواند به عنوان بخشی از فرآیند مسیر جهت تولید پایدار موثر باشد. لذا اجرای طرح پیشنهادی یاد شده می تواند پاسخگویی وضعیت تولید، عرضه محصولات و ساماندهی فعالیت واحدهای تولیدی می تواند مثمر ثمر باشد. برآوردهای آماری حاکی از این است که حدود 16 درصد از گاوداری های صنعتی و نیز 17 درصد از گاوهای اصیل کشور در استان تهران واقع شده و این استان پذیرای بیش از 13 میلیون نفر جمعیت انسانی می باشد. لذا این بازار بزرگ تولید و مصرف محصولات پروتیینی نیازمند استقرار ساز و کاری است که بتواند با حفظ استمرار و پایداری تولید، محصولات مرتبط با تولیدات دامی) اعم از گوشت قرمز و سفید( را چه به لحاظ کمی و چه از نظر کیفی به نحو مطلوب و با قیمت مناسب به دست مصرف کننده برساند. نظر به اینکه تشکیل زنجیره های تولید و تامین، نقش مهمی در فرآیند مزبور ایفا می نمایند و کشاورزی قراردادی می تواند به عنوان تکمیل کننده بخشی از حلقه های زنجیره نقش آفرینی نماید، لذا تحقیق در خصوص موضوع مذکور و چگونگی اجرای آن راهگشای پاسخگویی به مشکلات موجود خواهد بود.,سازمان جهاد کشاورزی استان تهران,"کشاورزی و منابع طبیعی, اقتصاد کشاورزی, اقتصاد تولید و مدیریت واحدهای کشاورزی",['فعالیت مرغداریها - فعالیت گاوداریها- کشاورزی قراردادی'],ایران,تهران,تهران,
68,راهکارهای افزایش وصول مطالبات و ترغیب مشترکین به پرداخت هزینهای برق مصرفی,انجام فعالیت های توسعه و بهره برداری شبکه های توزیع به طور مستقیم تحت تاثیر وصول مطالبات ناشی از فروش برق قرار دارد,شرکت توزیع نیروی برق استان ایلام,"فنی و مهندسی, مهندسی برق, سیستم های قدرت",['وصول مطالبات'],ایران,ایلام,ایلام,
69,بررسی ارقام مؤثر برتر داخلی و خارجی ژنوتیپ‌های منتخب استانی گردو و تولید پیوندک و برنامه‌ریزی ایجاد باغ مادری,خرید پایه بذری مناسب گردوی بذری به تعداد 400 اصله در بهمن 1401، تهیه پیوندک از ارقام و ژنوتیپ های منتخب در اسفند 1401 ، پیوند به روش چیپ بادینگ در اردیبهشت 1402 به تعداد 40 اصله از هر رقم، آماده سازی زمین در فروردین و اردیبهشت 1402 و اجرای سیستم آبیاری ، کشت نهالهای پیوندی در زمین اصلی در تیر ماه 1402 به صورت متراکم،  نگهداری تا آخر سال,اداره کل جهاد کشاورزی,کشاورزی و منابع طبیعی,['ژنوتیپ منتخب استانی،تولید پیوندک، باغ مادری'],ایران,چهارمحال وبختیاری,شهرکرد,
70,تعیین آنالیز علوفه های مرتعی و استفاده از ضایعات و پسماندهای صنایع تبدیلی و کشاورزی با رویکرد افزایش بهره وری تولید در گله های دام داشتی استان تهران,آنالیز علوفه های مرتعی،پسماند و ضایعات کشاورزی و صنایع تبدیلی،تعیین محدودیت های مصرف ،نحوه نگهداری،عمل آوری و ... موارد مذکور در جیره دام سبک داشتی عشایر استان تهران با هدف کاهش هزینه های تولید گوشت قرمز و همچنین کاهش نیاز نهاده های دام,مدیریت امور عشایر استان تهران,"کشاورزی و منابع طبیعی, علوم دامی, تغذیه دام",['آنالیز علوفه،ضایعات،پسماند،دام داشتی عشایر'],ایران,تهران,تهران,
71,طراحی و ساخت آنالایزر آنلاین گازهای H2S و SO2,آنالایزرهای آنلاین گازهای H2S و SO2 جز ملزومات لاینفک فرایند تصفیه گاز در پالایشگاه ها هستند که متاسفانه وارداتی به,شرکت پالایش گاز ایلام,فنی و مهندسی,['آنلایزر ساخت بار اول SO2'],ایران,ایلام,چوار,
72,تاثیر کلسیم بر آلیاژهای سرب-کلسیم,بررسی تاثیر افزایش یا کاهش کلسیم در آلیاژ سرب-کلسیم-قلع بر خواص آلیاژهای CRP و CRN با استفاده از روش DPE,پارک علم و فناوری استان مرکزی,فنی و مهندسی,['کلسیم، آلیاژ'],ایران,مرکزی,اراک,
73,اکسل عقب,مشخصات:,پارک علم و فناوری خوزستان,فنی و مهندسی,['اکسل عقب'],ایران,خوزستان,اهواز,
74,کاهش خاموشی ها در شبکه های توزیع,کاهش خاموشی های با برنامه و بی برنامه و کاهش انرژی توزیع نشده از اهداف شرکت توزیع نیروی برق استان ایلام است,شرکت توزیع نیروی برق استان ایلام,"فنی و مهندسی, مهندسی برق, سیستم های قدرت",['کاهش خاموشی انرژی توزیع نشده'],ایران,ایلام,ایلام,
75,بازیافت لجن تولیدی از فرایند احیاء,لجن فرایند احیاء حاوی ترکیبات ارزشمند آهن و سایر فلزی سنگین می‌باشد. بازیابی لجن فرایند احیاء به چرخه تولید از ارزش افزوده بالایی برخوردار است. از سوی دیگر دفع آن پیامدهای زیست محیطی ناشی از نفوذ یون فلزات سنگین به خاک و آب‌های زیر سطحی را به همراه دارد. به همین  دلیل بازیابی لجن فرایند احیاء و بازیافت صنعتی آن در کارخانجات فولادسازی لازم و ضروری می باشد.,پارک علم و فناوری خوزستان,فنی و مهندسی,['بازیافت، لجن احیا'],ایران,خوزستان,اهواز,
76,درایو 1 مگاوات,کشور سازنده و صاحب فناوری آلمان بوده و میزان ارزبری سالانه حدود یکصدو پنجاه هزار دلار می باشد,پارک علم و فناوری خوزستان,فنی و مهندسی,['درایو1مگاوات'],ایران,خوزستان,بندرماهشهر,
77,تجهیز دستگاه ادورایزر به مدار کنترلی,در زمان بسته بودن شیر خروجی و یا خالی شدن خط  از گاز سیستم  ادورایز بصورت خودکار از سرویس خارج گردد,شرکت گاز استان خوزستان,فنی و مهندسی,['ادورایزر'],ایران,خوزستان,اهواز,
78,کنترل و مبارزه با آفت کنه در باغات مرکبات و نخیلات,تعداد زیادی از کنه ها گیاه خوار بوده و تعدادی از گونه های گیاهخوار در محیط های انباری از غلات و خشکبار تغذیه می کنند. کنه های گیاهی دارای قطعات دهانی برنده و مکنده اند به این ترتیب که زمان تغذیه ابتدا بافت گیاه را پاره کرده و پس از خروج شیره گیاهی آن را می مکند. در این حالت مقداری از آب گیاه از محل پاره شدن تبخیر می شود و به این علت برگها و میوه ها به شدت می ریزند.,پارک علم و فناوری استان مرکزی,کشاورزی و منابع طبیعی,['آفات، کنترل'],ایران,مرکزی,اراک,
79,امکان سنجی استقرار طرح امن سازی زیرساخت‌های حیاتی در دستگاه‌های اجرایی استان خراسان جنوبی و شناسایی علل و عوامل موثر بر ارتقاء امنیت سایبری (فاز اول),با عنایت به تاثیر روزافزون فضای مجازی در ارایه خدمات سازمان‌های دولتی و همچنین مخاطرات و تهدیدات آن، ضرورت دارد به منظور صیانت از اطلاعات و سرویس‌ها در برابر تهدیدات احتمالی، اقدامات پیشگیرانه و مقابله‌ای برای ارتقاء سطح امنیت زیرساخت‌های کشور مدنظر قرار گیرد. در جمهوری اسلامی ایران نیز به منظور ایفای نقش حاکمیت در تامین امنیت این حوزه و حفظ زیرساخت‌های حیاتی کشور در مقابل حملات سایبری، مرکز مدیریت راهبردی افتای ریاست جمهوری تشکیل شده و ماموریت یافته است در تعامل با دستگاه‌های ذیربط، نسبت به امن‌سازی دستگاه‌های زیرساختی کشور اقدام نماید. به همین منظور «طرح امن‌سازی زیرساخت‌های حیاتی در قبال حملات سایبری» توسط این مرکز تدوین و به تمامی دستگاه‌های زیرساختی کشور ابلاغ شده است. یکی از اهداف تدوین و ابلاغ «طرح امن‌سازی زیرساخت های حیاتی در قبال حملات سایبری»، تامین امنیت فضای تولید و تبادل اطلاعات سازمان، مدیریت مخاطرات و جلوگیری از بروز اختلال در ارایه سرویس‌های حیاتی است. از زمان ابلاغ طرح امن‌سازی افتا تاکنون، مشکلات و موانع متعددی مانع از اجرای موثر طرح مذکور در دستگاه‌های زیرساختی استان شده است و ارتقاء امنیت سایبری و رسیدن به وضعیت مطلوب امنیتی را به تعویق انداخته است. تنوع و تعدد دلایل تاثیرگذار بر تعویق اجرای طرح امن‌سازی و ارتقاء امنیت سایبری زیرساخت‌های استان، موجب شده است بررسی تخصصی و علمی دلایل و عوامل تاثیرگذار بر امنیت سایبری دستگاه‌های زیرساختی از میان دستگاه‌های دارای اولویت در دستور کار قرار گیرد تا پس از احصاء عوامل تاثیرگذار بر امنیت سایبری سازمان‌ها و شناسایی موانع و مشکلات، با استفاده از ظرفیت‌های موجود، نسبت به رفع موانع شناسایی شده اقدام گردد.,استانداری خراسان جنوبی,"فنی و مهندسی, مهندسی فناوری اطلاعات, مهندسی فناوری اطلاعات و امنیت, مهندسی کامپیوتر",['طرح امن سازی، زیرساخت\u200cهای حیاتی، افتا، امکان سنجی، عارضه یابی'],ایران,خراسان جنوبی,بیرجند,گروه/های هدف:
80,طراحی و ساخت دستگاه تعیین دقیق محل گرفتگی خطوط لوله های گاز,خطوط گاز بصورت زیرزمینی کشیده می شوند و پیدا کردن قسمتی که دچار گرفتگی شده است هزینه بر خواهد بود و بهمین دلیل ساخت دستگاهی جهت پیدا کردن مکان دقیق گرفتگی سهولت و تسریع  در انجام تعمیرات خطوط را به همراه خواهد داشت و هزینه ها را به شدت کاهش خواهد داد,شرکت گاز استان خوزستان,فنی و مهندسی,['خطوط لوله،'],ایران,خوزستان,اهواز,
81,درایو موتور DC استند 1و 3 خط630,درایو موتور نوردDC 1200 کیلووات با نوع تحریک فیلد مستقل ، ویژگی ها: دقت بالا –حساسیت بالا-عملکرد مناسب در نوسانات برقی-حفاظت,گروه ملی صنایع فولاد,,['درایو موتور Dc'],,خوزستان,اهواز,گروه/های هدف:
82,موتور ویبره مگنتی مدل K220,موتورهای ویبره مگنت زیر مخازن و هاپرهای واحد اسفنجی که برای تخلیه مواد مورد استفاده قرار میگیرد,گروه ملی صنایع فولاد,,['موتور ویبره مگنتی'],,خوزستان,اهواز,گروه/های هدف:
83,سامانه تشخیص اتوماتیک عیوب با استفاده از هوش مصنوعی,تشخیص عیوب با کمک سامانه های بینایی ماشین میتواند در افزایش کارایی و اتوماتیک شدن مقوله بررسی عیوب شمش بسیار تاثیرگذار و کارآمد باشد,پارک علم و فناوری خوزستان,فنی و مهندسی,['هوشمندسازی، عیوب شمش'],ایران,خوزستان,اهواز,
84,اماده سازی کودکان مراکز شبانه روزی برای زندگی مستقل,هدف پژوهش حاضر بررسی بررسی اثر بخشی آموزش برنامه اماده سازی بر روی بهزیستی,اداره کل بهزیستی استان گلستان,علوم انسانی,['کودکان، شبانه روزی، بهزیستی'],ایران,گلستان,گرگان,
85,استخراج و تولید صنعتی کلاژن، ژلاتین و امگا3,استخراج و تولید صنعتی کلاژن، ژلاتین و امگا3  از ضایعات خط تولید کنسرو ماهی,پارک علم و فناوری استان مرکزی,کشاورزی و منابع طبیعی,['ژلاتین، کلاژن'],ایران,مرکزی,اراک,
86,دستگاه پایش ارتعاشات,وجود ارتعاشات در تجهیزات دوار موجب آسیب به آنها و سایر تجهیزات می شود.,گروه ملی صنایع فولاد,,['پایش ارتعاشات'],,خوزستان,اهواز,گروه/های هدف:
87,تعیین توزیع مکانی و زمانی مخاطرات جوی و اقلیمی استان تهران و ارایه برنامه جامع مدل سازی تاب آوری استان در برابر مخاطرات جوی و پهنه بندی خطرپذیری,در این پروژه به کمک روش های آماری داده های هواشناسی ایستگاه های هواشناسی سینوپتیک استان تهران و نیز دیگر داده ها و اطلاعات کمکی دریافت شده از مراکز و دستگاه های اجرایی مختلف مورد ارزیابی و تحلیل قرار می گیرد. همچنین با توجه به معیارهای مشخص مربوط به هر کمیت و پدیده های هواشناسی، مخاطرات مربوط به هر شهرستان تعیین می شوند. سپس توزیع زمانی وقوع مخاطرات در بازه زمانی مورد مطالعه (دوره آماری موجود برای هر ایستگاه)  و نیز توزیع مکانی در سطح استان مورد ارزیابی و مطالعه قرار می گیرد. به کمک این اطلاعات اطلس بلایای جوی استان تهران تهیه می شود. تعیین فراوانی وقوع، تعیین توزیع زمانی (سالانه ، فصلی و ماهانه) وقوع هر یک از مخاطره ها، تعیین توزیع مکانی هر یک از مخاطره ها (بصورت شهرستانی و متناسب با آمار ایستگاه ها)، تحلیل سینوپتیکی مخاطرات بصورت موردی و الگوی وقوع آنها از مواردی است که باید در این پروژه انجام شود و روش کلی بر پایه بهره گیری از آمار و روش های توصیفی و تحلیلی برای بررسی های آماری متناسب با نیاز است. همچنین جهت بررسی تاب‌آوری استان تهران در برابر مخاطرات، انجام مطالعات پایه تفصیلی و تعیین روش ها و راهکارهای افزایش تاب آوری، پهنه بندی مخاطرات آب و هواشناسی در سطح استان، تعیین مناطق خطر و بحرانی برای مخاطرات مختلف، تعیین میزان پایداری و تاباوری زیرساخت ها متناسب با نوع مخاطره، ارایه سناریوهای مختلف با توجه به آستانه خطر و راه کارهای پیشگیری و یا کاهش آثار مخاطرات جوی بر زیرساخت ها در محدوده مورد مطالعه، مدل‌سازی مفهومی و تجربی تاب آوری با توجه به نوع مخاطره هواشناسی در این پژوهش مورد نظر می باشد.,اداره کل هواشناسی استان تهران,"علوم پایه, هواشناسی",['توزیع مکانی و زمانی، مخاطرات جوی، پهنه بندی، تاب آوری'],ایران,تهران,تهران,
88,ساخت تیغ اره گرم بر,(تیغ اره گرم بر),گروه ملی صنایع فولاد,,['ساخت تیغ اره گرم بر'],,خوزستان,اهواز,گروه/های هدف:
89,امکان سنجی استفاده از iot در شبکه گاز استان مرکزی,"بررسی روش های پایش خوردگی در تجهیزات صنعت گاز مبتنی بر IOT ,و امکان سنجی به کر گیری انها در مانیتورینگ خوردگی تجهیزات",شرکت گاز استان مرکزی,فنی و مهندسی,['گاز، IOT'],ایران,مرکزی,اراک,
90,دستگاه جوش هوشمند,تولید و ساخت دستگاه جوش هوشمند ( دستگاهی که داخل لوله برود و با تعیین موقعیت صحیح جوشکاری را بدرستی انجام دهد (ربات جوش کاری)),نام آوران به کوش ویستا,فنی و مهندسی,['هوشمند، دستگاه'],ایران,مرکزی,اراک,
91,فناوری طراحی و روش ساخت دستگاه پرینتر سه بعدی,متقاضی فناوری طراحی و روش ساخت دستگاه پرینتر سه بعدی برای مدل های ماهیچه دار ریخته گری  که مدل هایی از جنس سیلیکا را با یک بایندر خشک پرینت نماید,مشاور توسعه فناوری شرکت شهرک های صنعتی خوزستان,,['پرینتر سه بعدی'],,خوزستان,اهواز,گروه/های هدف:
92,پیشگیری ، کنترل و مبارزه با شته کلزا,شته مومی کلزا یکی از مهم ترین آفات کلزا و دیگر گیاهان خانواده کلمیان می‌باشد. در ایران چهار گونه شته به مزارع کلزا خسارت وارد می نماید. که در میان آنها شته مومی کلم گونه غالب و آفت کلیدی کلزا می باشد. خسارت شـته مـومی بـه کلـزا باعـث کاهش میزان بذر از 9 تا 77 درصد و میزان روغن تا 11 درصد شده است.,پارک علم و فناوری استان مرکزی,کشاورزی و منابع طبیعی,['آفات، کنترل'],ایران,مرکزی,اراک,
93,آسیب شناسی و ارایه الگوی نوین خدمات مشاوره ای و مددکاری در زندان های استان تهران,در درمان هر عارضه و بیماری اعتقاد بر آن است که نصف فرایند درمان را می بایست در تشخیص(شناخت اسباب پیدایی مشکل وبیماری)جستجو نمود، از این رو در بحث آسیب شناسی وضعیت مددکاری اجتماعی در سازمان زندان ها با مطالعه و مداقه در عوامل ، موانع و چالش های فرا روی آن و تلاش جهت کنترل و رفع این نابسامانی ها گام هایی مؤثر جهت بهبود وضعیت این حرفه برداشت لیکن آنچه مهم به نظر می رسد آن است که با تکیه بر تجارب گذشته این حرکت ها نمی بایست صرفاً در حد برگزاری همایش و به  شکل مقطعی و گذرا باشد، در کشوری که ادعای آن زندانبانی اسلامی و اصلاح فرد است و با نگاهی به تاریخچه علم مددکاری اجتماعی در ایران و جهان مشخص می گردد که اصول اساسی آن کاملاً بر گرفته از تعالیم و اخلاق اسلامی است، بر همه مسیولین ، مدیران و سیاست گزاران این حوزه شغلی در گستره و سعی تغییر نگرش و تجدید نظر در ساختار ادارای مددکاری ، دقت در پذیرش و گزینش داوطلبان این حرفه از حیث تخصص همراه تعهد ، ارتقای سطح نرم افزاری و سخت افزاری مددکاری از یک سو ، ترتیب نشست های تخصصی قضات و مددکاران ، آموزش ضمن خدمت قضات و کارکنان دستگاه قضایی به منظور آشنایی با ضرورت ، اهداف و شرح وظایف مددکاری در زندان از سوی دیگر ، انجام تحقیقات میدانی با استفاده از روش علمی تحقیق چون زمینه یابی ، اقدام پژوهشی و....  بایسته  است کمر همت بندند که در این مسیر مددکاران اجتماعی زندان ها نیز می بایست تمام سعی خود را با جدیت بیشتر از بیش بکار گیرند و با پایبندی به منشور اخلاقی این حرفه بدون خستگی در مقابل موانع ثابت قدم و استوار بمانند.,اداره کل زندانهای استان تهران,"علوم انسانی, مددکاری اجتماعی",['آسیب شناسی ،خدمات مشاوره ای ، مددکاری ، زندان'],ایران,تهران,تهران,گروه/های هدف:
94,بررسی و شناسایی روش های مختلف بازیابی انرژی از پسماند با تاکید بر انتخاب مناسب ترین روش جهت بازیافت انرژی از پسماندهای شهر رشت,یکی از معضلات اساسی و بسیار مهم استا ن گیلان، دفع پسماند یا زباله شهری می باشد. در استان گیلان به دلیل پوشش گیاهی و وجود جنگل ها و مزارع پیوسته و تراکم جمعیت در سطح استان ، محل مناسبی برای دفن پسماند شهری وجود ندارد و دفن زباله یا انباشت آن در یک  محیط مشخص ، باعث آلودگی بسیارشدید می گردد که برای همگان کاملاً مشهود است و موجب نارضایتی های بسیاری شده است در حال حاضر زباله های 17 شهر وارد رشت می شود که میزان آن 1100 تن است که مقدار زیادی است که نیازمند تدابیر و راهکار اجرایی است.,استانداری گیلان,فنی و مهندسی,['پسماند،زباله شهری، دفن زباله،مدفن، استحصال انرژی'],ایران,گیلان,رشت,
95,دستگاه هشدار افت فشار,ساخت دستگاهی که قابلیت نصب بر روی علمک گاز داشته باشد و در محدوده افت فشار شبکه به کمتر از 20 پوند با به صدا در آوردن آژیر هشدار اعلام خطر نماید(برای نصب در محل پست های امداد),شرکت گاز استان خوزستان,فنی و مهندسی,['علمک گاز'],ایران,خوزستان,اهواز,
96,تهیه فیلر LED,منظور از فیلر LED مایع چسب مانندی است که به داخل PATCH  های LED تزریق میگردد .اطلاعات زیادی از ترکیب داخلی آن نداریم ولی میتوانیم نمونه جهت آنالیز تقدیم نماییم.,شرکت الکتروپیک,فنی و مهندسی,['فیلر، چسب'],ایران,مرکزی,آشتیان,
97,کنترل آلودگی علف هرز گل جالیز در مزارع کلزای کشت و صنعت دهلران,گل جالیز دارای ساقه گوشتی فلس دار به رنگ زرد تا ارغوانی بوده و ارتفاع آن بین 15 تا 40 سانتی متر می رسد. گل جالیز فاقد ریشه های نازک و باریک بوده و به همین دلیل نمی تواند آب و غذا را از خاک جذب کند و چون برگ و سبزینه (کلروفیل) هم ندارد نمی تواند نور خورشید را جذب کرده و به وسیله آن غذا بسازد و به همین دلیل برای ادامه زندگی به صورت انگل به ریشه بعضی گیاهان متصل شده و از شیره گیاه میزبان تغذیه می کند.,پارک علم و فناوری استان مرکزی,کشاورزی و منابع طبیعی,['علف هرز، آلودگی'],,,ایلام,
98,بررسی اثرات بازچرخانی آب از زهکش‌های دشت مغان بر روی خاک زراعی,بازچرخانی و استفاده مجدد از زه‌آب کشاورزی به‌عنوان یک منبع آب غیرمتعارف و یکی از مولفه‌های اصلی تلفات غیرقابل بازیافت آب در شبکه آبیاری و زهکشی مغان، راهکاری موثر در جهت افزایش آب کشاورزی قابل دسترس، بهبود بهره‌وری مصرف آب و یکی از راه‌کارهای موثر جهت تخفیف اثرات زیست محیطی زهکشی در سطح شبکه به‌شمار می‌رود. در پژوهش حاضر، با انتخاب تعدادی از مزارع بهره‌برداران در سطح شبکه آبیاری و زهکشی مغان، اثرات استفاده مجدد از زه‌آب بازیابی شده برای آبیاری در بر ویژگی‌های فیزیکی و شیمیایی خاک مورد بررسی قرار خواهد گرفت و راهکارهای پایدار استفاده مجدد از زه‌آب در اراضی شبکه توسعه خواهد یافت.,مرکز تحقیقات و آموزش کشاورزی و منابع طبیعی استان اردبیل (مغان),کشاورزی و منابع طبیعی,['بازچرخانی آب، زهکش، مغان'],ایران,اردبیل,پارس آباد,
99,سنبه شلیک اشتوسبانک,متریال می بایست فورج باشد تلرانس 1.0 میلیمتر باتوجه به طول 16700 میلیمتر و,گروه ملی صنایع فولاد,,['سنبه شلیک اشتوسبانک'],,خوزستان,اهواز,گروه/های هدف:
100,ارایه راهبردهای و راهکارهای ارتقاء گردشگری کشاورزی بر پایه توسعه پایدار روستاهای استان مازندران,بررسی منابع و ظرفیت های موجود گردشگری کشاورزی استان. شناخت تاثیرات عمده گردشگری کشاورزی در وضع موجود. تاثیرات اقتصادی و معیشتی. تاثیرات اجتماعی – فرهنگی. تاثیرات زیست محیطی. جمع بندی و تحلیل,سازمان جهادکشاورزی استان مازندران,"کشاورزی و منابع طبیعی, توسعه روستایی",['راهبرد، گردشگری، توسعه پایدار، روستا'],ایران,مازندران,ساری,
101,مطالعه بوم گردی روستایی و کشاورزی استان آذربایجان غربی و ارایه راهکارهای عملیاتی توسعه کسب و کار مربوطه,در جهان امروز گردشگری روستایی به نوع جدیدی از گردشگری نوین و  مدیریت کشاورزی تبدیل شده است. الگوهای جدید توسعه روستایی، بهره برداری منطقی و کارا از منابع کشاورزی و روستایی را همراه با کشف مجدد میراث تاریخی و طبیعی به عنوان ابزاری برای رسیدن به توسعه پایدار پیشنهاد کرده است تا از این طریق عرصه برای ایجاد کسب و کارهای مکمل فرام گردد. گردشگری روستایی به عنوان یک شکل بالقوه گردشگری در نظر گرفته می شود که با تقاضا برای راه حل های پایدارترو مبتنی بر طبیعت افزایش یافته و می تواند به انعطاف پذیری قلمرو کمک کند.,اداره کل میراث فرهنگی گردشگری و صنایع دستی آذربایجان غربی,"علوم انسانی, برنامه ریزی گردشگری (توریسم)",['بوم گردی روستایی، آذربایجان غربی، گردشگری، توسعه کسب و کار'],ایران,آذربایجان غربی,ارومیه,گروه/های هدف:
102,تغییر لایه کاری بدنه پاتیل مذاب از حالت اجری به مونولیتیک,با بررسی های صورت گرفته، در این طرح تحقیقاتی جرم ‌های اسپینل آلومینایی، ابتدا در کف یک پاتیل به عنوان پایلوت ریخته و عملکرد آن بررسی و با شرایط موجود مقایسه می گردد. سپس بدنه پاتیل پوشش دهی میشود و عملکرد آن بررسی و در صورت مناسب بودن نتایج، بدنه و کف پاتیل جرم ریزی و کارایی آن بررسی خواهد شد.,پارک علم و فناوری خوزستان,فنی و مهندسی,['پاتیل، اسپینل آلومینایی'],ایران,خوزستان,اهواز,
103,رصد و ارزیابی برنامه رشد اقتصادی استان تهران با استفاده از شاخصهای موجود در آمارهای ثبتی,سازمان مدیریت و برنامه‌ریزی استان تهران برنامه رشد اقتصادی استان تهران را تنظیم نموده و در حال اجرای آن می‌باشد. لذا به منظور رصد برنامه مذکور لازم است این برنامه با استفاده از آمارهای ثبتی موجود در مقاطع زمانی کوتاه مدت (سه ماهه) مورد ارزیابی قرار گیرد تا در صورت هرگونه انحراف از مسیر و اهداف طرح ، برنامه مورد بازنگری و در صورت نیاز اصلاح قرار گیرد.,سازمان جهاد دانشگاهی تهران,علوم انسانی,['رشد اقتصادی، آمار ثبتی'],ایران,تهران,تهران,
104,مجموعه پدال ترمز,مشخصات,پارک علم و فناوری خوزستان,فنی و مهندسی,['پدال ترمز'],ایران,خوزستان,اهواز,
105,تدوین سیستم دینامیکی یکپارچه به منظور طراحی مکانیزم های تحقق رشد اقتصادی هدف گذاری شده برای استان تهران,بر اساس اعلام سازمان مدیریت و برنامه ریزی استان تهران، دستیابی به رشد اقتصادی 8 درصدی در افق چشم انداز جاری این استان تعریف شده است. بدیهی است دستیابی به چنین هدفی وابسته به هدف گذاری و عملکرد موثر در متغیرهای تاثیر گذار روی متغیر رشد اقتصادی است. شناسایی دقیق این متغیرها، نحوه ارتباط آنها و بررسی میزان تاثیر کمی آنها روی یکدیگر میتواند به عنوان یک ابزار مناسب جهت برنامهریزی استراتژیک و عملیاتی باشد.,سازمان جهاد دانشگاهی تهران,علوم انسانی,['رشد اقتصادی، سیستم دینامیکی'],ایران,تهران,تهران,
106,بهینه سازی مصرف سوخت در بخاری,ارتقاء تکنولوژی بخاری های سنتی و کاهش مصرف سوخت و آلودگی محیط زیست,شرکت گاز استان ایلام,"فنی و مهندسی, مهندسی سیستم های انرژی",['سوخت، بخاری'],ایران,ایلام,ایلام,
107,تولید بسته بندی فعال و هوشمند,بسته بندی هوشمند سیستمی است که قادر به انجام عملکردهای هوشمندانه (نظیر تشخیص، حس کردن، ثبت کردن، ردیابی، ارتباط و به کاربردن منطق علمی ) به منظور تسهیل تصمیم گیری در جهت افزایش زمان ماندگاری، افزایش ایمنی، بهبود کیفیت، فراهم کردن اطلاعات و هشدار درباره مشکلات احتمالی است.,پارک علم و فناوری استان مرکزی,فنی و مهندسی,['بسته، هوشمند'],ایران,مرکزی,اراک,
108,بررسی تاثیرات آلایندگی صنایع بزرگ مقیاس و ریز گردها بر روی جامعه و محیط زیست و محاسبه بار اقتصادی بیمارهای غیر واگیر (انواع سرطان ها، قلب و عروق، مشکلات تنفسی و...) ناشی از آلودگی صنایع مستقر در استان (محاسبه هزینه های مستقیم و غیر مستقیم تحمیلی بر نظام سلامت و مردم),اهداف طرح: 1- بررسی اثرات آلایندگی صنایع بزرگ مقیاس (صنایع نفت و گاز، پتروشیمی، نیروگاه اتمی، صنایع -,استانداری بوشهر,علوم انسانی,['آلایندگی صنایع بزرگ مقیاس، ریزگردها، بار اقتصادی، استان بوشهر، نظام سلامت'],ایران,بوشهر,بوشهر,
109,تهیه برد ptc,این برد در پنل patch های مربوط به فرایند ساخت LED می باشد که پس از اتمام فرایندهای اولیه تولید، اجزای پنل از هم جدا شده و به LED-SMT فله ای تبدیل می شود,شرکت الکتروپیک,فنی و مهندسی,['الکترونیک، برد'],ایران,مرکزی,آشتیان,
110,کنترل و مبارزه با آفت مینوز در باغات مرکبات,آفت مینوز نیز دارای دامنه بسیار وسیعی بوده و تا کنون بیش ازز 40 گونه گیاهی گزارش شده است. مگس مینوز بومی مناطق گرمسیر بوده و ابتدا در مکزیک و بخش‌های مرکزی و جنوبی آمریکا گزارش شد اما به سرعت به سایر کشورها در اروپا، آفریقا و آسیا گسترش یافت. این آفت در استان‌های خوزستان، کرمان، هرمزگان و تهران خسارت زیادی به محصولاتی مانند نخود، لوبیا، سبزی‌ها و گوجه‌فرنگی وارد کرده است.,پارک علم و فناوری استان مرکزی,کشاورزی و منابع طبیعی,['آلودگی، مینوز'],ایران,مرکزی,اراک,
111,بررسی علل شیوع افکار و اقدام به خودکشی و عوامل مرتبط با ان در بین نوجوانان و جوانان استان با تاکید بر دست یابی به حل مساله و الگوی مداخلات مناسب,آمار خودکشی از طریق مراجعه به مراکز و دستگاههای مرتبط  و اسناد مرتبط منتشره جمع آوری و بر حسب انواع خودکشی و متغیرهای اجتماعی دسته بندی می شوند.,استانداری,علوم انسانی,['خودکشی'],ایران,چهارمحال وبختیاری,شهرکرد,
